Image_Name,Polygon_ID,OSM_ID,Centroid_X,Centroid_Y,Centroid_Longitude,Centroid_Latitude,Area_Pixels,Area_Meters
Atlanta_01,1,39118453,-4509800.42,2743093.4915,-84.3023,33.7716,12732,293.0622
Atlanta_01,2,40897634,-4509800.3836,2743093.5134,-84.2967,33.7683,22481,522.0575
Atlanta_01,3,48296311,-4509800.3701,2743093.4916,-84.2946,33.7716,8584,198.3035
Atlanta_01,4,51277826,-4509800.4147,2743093.5269,-84.3014,33.7662,1047,24.3765
Atlanta_01,5,51277835,-4509800.383,2743093.5264,-84.2966,33.7663,8446,196.5266
Atlanta_01,6,51277869,-4509800.3747,2743093.5242,-84.2953,33.7666,21876,508.4136
Atlanta_01,7,51278221,-4509800.4133,2743093.5184,-84.3012,33.7675,2089,48.6697
Atlanta_01,8,51278222,-4509800.4096,2743093.5186,-84.3007,33.7675,9186,213.3505
Atlanta_01,9,51278227,-4509800.3858,2743093.5183,-84.297,33.7675,8033,186.7178
Atlanta_01,10,51278235,-4509800.4162,2743093.518,-84.3017,33.7676,9920,230.0169
Atlanta_01,11,51278349,-4509800.4247,2743093.5022,-84.303,33.77,2381,55.2474
Atlanta_01,12,51278504,-4509800.4202,2743093.4943,-84.3023,33.7712,9084,211.438
Atlanta_01,13,51278513,-4509800.3733,2743093.4917,-84.2951,33.7716,8262,191.339
Atlanta_01,14,51278821,-4509800.395,2743093.5229,-84.2984,33.7668,5804,134.9694
Atlanta_01,15,51278836,-4509800.4274,2743093.5222,-84.3034,33.7669,13048,303.414
Atlanta_01,16,51279129,-4509800.3856,2743093.5155,-84.297,33.768,11989,278.6504
Atlanta_01,17,51279131,-4509800.3835,2743093.5153,-84.2967,33.768,15454,359.2366
Atlanta_01,18,51279160,-4509800.4277,2743093.5127,-84.3034,33.7684,3519,81.6366
Atlanta_01,19,51279784,-4509800.4061,2743093.5062,-84.3001,33.7694,1373,31.9366
Atlanta_01,20,51279797,-4509800.4282,2743093.5045,-84.3035,33.7696,451,9.921
Atlanta_01,21,51279801,-4509800.4114,2743093.5044,-84.3009,33.7697,8005,186.2276
Atlanta_01,22,51279802,-4509800.4252,2743093.5041,-84.303,33.7697,2416,56.1038
Atlanta_01,23,51279807,-4509800.4277,2743093.504,-84.3034,33.7697,6595,152.5742
Atlanta_01,24,51279808,-4509800.4081,2743093.5039,-84.3004,33.7697,4646,107.8462
Atlanta_01,25,51279817,-4509800.4278,2743093.5031,-84.3034,33.7699,5845,135.7008
Atlanta_01,26,51280090,-4509800.428,2743093.5097,-84.3035,33.7689,5051,116.3403
Atlanta_01,27,51280099,-4509800.4121,2743093.509,-84.301,33.769,6135,142.4757
Atlanta_01,28,51280101,-4509800.4248,2743093.5087,-84.303,33.769,11026,256.1275
Atlanta_01,29,51280104,-4509800.4137,2743093.5083,-84.3013,33.7691,2486,57.8784
Atlanta_01,30,51280105,-4509800.4216,2743093.5084,-84.3025,33.769,5085,118.5024
Atlanta_01,31,51281930,-4509800.4083,2743093.4995,-84.3005,33.7704,23675,550.1008
Atlanta_01,32,51281940,-4509800.3761,2743093.4971,-84.2956,33.7708,3255,75.8004
Atlanta_01,33,51281945,-4509800.3792,2743093.4962,-84.296,33.7709,14863,345.3153
Atlanta_01,34,51281953,-4509800.3699,2743093.4954,-84.2946,33.771,11922,276.8666
Atlanta_01,35,51281991,-4509800.4243,2743093.5201,-84.3029,33.7673,5929,137.8578
Atlanta_01,36,51282037,-4509800.4196,2743093.5006,-84.3022,33.7702,12414,288.3535
Atlanta_01,37,51282038,-4509800.4248,2743093.4933,-84.303,33.7713,14549,337.8766
Atlanta_01,38,51282536,-4509800.4271,2743093.5267,-84.3033,33.7663,7709,179.2713
Atlanta_01,39,51282545,-4509800.4209,2743093.5263,-84.3024,33.7663,11528,267.7398
Atlanta_01,40,51282551,-4509800.3831,2743093.5255,-84.2966,33.7664,9836,227.9111
Atlanta_01,41,51282558,-4509800.3949,2743093.5252,-84.2984,33.7665,8117,188.5569
Atlanta_01,42,51282560,-4509800.4212,2743093.5254,-84.3024,33.7665,11543,268.0638
Atlanta_01,43,51282572,-4509800.4057,2743093.524,-84.3001,33.7667,8966,208.3864
Atlanta_01,44,51282780,-4509800.3809,2743093.4916,-84.2963,33.7716,11921,276.8585
Atlanta_01,45,51282877,-4509800.41,2743093.5178,-84.3007,33.7676,8541,198.5786
Atlanta_01,46,51282953,-4509800.4243,2743093.5016,-84.3029,33.7701,2436,56.4876
Atlanta_01,47,51282957,-4509800.4252,2743093.5014,-84.303,33.7701,4793,111.3099
Atlanta_01,48,51283094,-4509800.4046,2743093.4953,-84.2999,33.771,18043,420.4426
Atlanta_01,49,51283103,-4509800.4178,2743093.496,-84.3019,33.7709,52057,1209.716
Atlanta_01,50,51283106,-4509800.3742,2743093.4935,-84.2953,33.7713,10484,242.7416
Atlanta_01,51,51283110,-4509800.3882,2743093.4925,-84.2974,33.7715,566,13.1315
Atlanta_01,52,51283125,-4509800.3773,2743093.4914,-84.2957,33.7716,2622,59.7992
Atlanta_01,53,51283431,-4509800.4222,2743093.5237,-84.3026,33.7667,11843,275.3374
Atlanta_01,54,51283784,-4509800.3924,2743093.5144,-84.298,33.7681,10048,233.5261
Atlanta_01,55,51284447,-4509800.4187,2743093.5071,-84.3021,33.7692,7043,163.6873
Atlanta_01,56,51284449,-4509800.4124,2743093.5066,-84.3011,33.7693,242,5.6657
Atlanta_01,57,51284491,-4509800.423,2743093.5058,-84.3027,33.7694,8142,188.9121
Atlanta_01,58,51284514,-4509800.4274,2743093.5051,-84.3034,33.7696,8423,195.6319
Atlanta_01,59,51284518,-4509800.4232,2743093.5042,-84.3027,33.7697,3260,75.4883
Atlanta_01,60,51284523,-4509800.417,2743093.5038,-84.3018,33.7697,4390,102.0802
Atlanta_01,61,51284533,-4509800.3638,2743093.504,-84.2937,33.7697,18437,432.3918
Atlanta_01,62,51284534,-4509800.4149,2743093.503,-84.3015,33.7699,6123,142.295
Atlanta_01,63,51285995,-4509800.4201,2743093.5114,-84.3023,33.7686,8747,203.1023
Atlanta_01,64,51285998,-4509800.4279,2743093.5107,-84.3035,33.7687,5362,123.4832
Atlanta_01,65,51285999,-4509800.3942,2743093.5108,-84.2983,33.7687,9046,210.4355
Atlanta_01,66,51286004,-4509800.4217,2743093.5098,-84.3025,33.7688,440,10.2639
Atlanta_01,67,51286011,-4509800.3638,2743093.5099,-84.2937,33.7688,9211,215.7907
Atlanta_01,68,51286013,-4509800.3831,2743093.5097,-84.2966,33.7688,8179,189.9138
Atlanta_01,69,51286016,-4509800.4135,2743093.5094,-84.3013,33.7689,6160,142.8582
Atlanta_01,70,51286023,-4509800.3899,2743093.5088,-84.2977,33.769,13450,312.5169
Atlanta_01,71,51286028,-4509800.3876,2743093.5082,-84.2973,33.7691,9543,221.9484
Atlanta_01,72,51286034,-4509800.4043,2743093.5075,-84.2999,33.7692,15731,365.5493
Atlanta_01,73,51287000,-4509800.4132,2743093.4962,-84.3012,33.7709,15181,352.9667
Atlanta_01,74,51287033,-4509800.4264,2743093.5216,-84.3032,33.767,6158,142.9382
Atlanta_01,75,51287048,-4509800.3769,2743093.5209,-84.2957,33.7671,109269,2538.4413
Atlanta_01,76,51287107,-4509800.3801,2743093.5003,-84.2962,33.7703,7835,182.1883
Atlanta_01,77,51287390,-4509800.4204,2743093.5269,-84.3023,33.7662,10372,241.4736
Atlanta_01,78,51287391,-4509800.4164,2743093.5272,-84.3017,33.7662,3816,90.1262
Atlanta_01,79,51287633,-4509800.4158,2743093.5258,-84.3016,33.7664,1783,41.4247
Atlanta_01,80,51287639,-4509800.4109,2743093.5252,-84.3009,33.7665,1450,33.6372
Atlanta_01,81,51287650,-4509800.4178,2743093.5249,-84.3019,33.7665,9310,216.6064
Atlanta_01,82,51287651,-4509800.4053,2743093.5249,-84.3,33.7665,11154,259.1468
Atlanta_01,83,51287662,-4509800.4085,2743093.5238,-84.3005,33.7667,2235,51.8051
Atlanta_01,84,51287984,-4509800.4215,2743093.5188,-84.3025,33.7675,5440,126.2098
Atlanta_01,85,51287989,-4509800.3913,2743093.5185,-84.2979,33.7675,9432,219.2483
Atlanta_01,86,51288122,-4509800.3916,2743093.4997,-84.2979,33.7704,30446,706.5427
Atlanta_01,87,51288124,-4509800.4209,2743093.4991,-84.3024,33.7705,10508,244.2818
Atlanta_01,88,51289008,-4509800.3649,2743093.5133,-84.2939,33.7683,60770,1413.3934
Atlanta_01,89,51289014,-4509800.4275,2743093.514,-84.3034,33.7682,6421,149.2356
Atlanta_01,90,51289704,-4509800.4232,2743093.5126,-84.3027,33.7684,12635,293.5449
Atlanta_01,91,51289706,-4509800.378,2743093.5132,-84.2959,33.7683,56278,1308.2732
Atlanta_01,92,51289711,-4509800.4272,2743093.5116,-84.3033,33.7686,1372,31.7477
Atlanta_01,93,51290268,-4509800.4254,2743093.5066,-84.3031,33.7693,4879,113.3338
Atlanta_01,94,51290280,-4509800.4256,2743093.5059,-84.3031,33.7694,2384,55.3454
Atlanta_01,95,51290288,-4509800.422,2743093.5054,-84.3025,33.7695,9578,222.41
Atlanta_01,96,51290290,-4509800.4128,2743093.5049,-84.3011,33.7696,4218,98.1729
Atlanta_01,97,51290315,-4509800.4223,2743093.5028,-84.3026,33.7699,6675,155.1581
Atlanta_01,98,51290585,-4509800.4214,2743093.5096,-84.3025,33.7689,1568,36.5081
Atlanta_01,99,51290606,-4509800.4207,2743093.5081,-84.3023,33.7691,9198,213.7204
Atlanta_01,100,51290610,-4509800.4166,2743093.5072,-84.3017,33.7692,394,9.1612
Atlanta_01,101,51290612,-4509800.4196,2743093.5076,-84.3022,33.7692,8000,185.9136
Atlanta_01,102,51291380,-4509800.3806,2743093.4983,-84.2962,33.7706,6271,145.9811
Atlanta_01,103,51291381,-4509800.3757,2743093.4985,-84.2955,33.7706,15752,365.919
Atlanta_01,104,51291389,-4509800.4209,2743093.4977,-84.3024,33.7707,9060,210.6671
Atlanta_01,105,51291446,-4509800.4232,2743093.522,-84.3027,33.767,9504,220.5408
Atlanta_01,106,51291449,-4509800.389,2743093.5215,-84.2975,33.7671,6616,153.6897
Atlanta_01,107,51291451,-4509800.4254,2743093.5214,-84.3031,33.7671,1064,24.6707
Atlanta_01,108,51291452,-4509800.4071,2743093.5217,-84.3003,33.767,8639,200.5995
Atlanta_01,109,51291471,-4509800.4202,2743093.5202,-84.3023,33.7672,10409,241.9232
Atlanta_01,110,51291529,-4509800.4029,2743093.501,-84.2996,33.7702,23484,544.5291
Atlanta_01,111,51291553,-4509800.3734,2743093.5166,-84.2951,33.7678,62811,1457.2764
Atlanta_01,112,51292029,-4509800.4223,2743093.5264,-84.3026,33.7663,1510,34.9729
Atlanta_01,113,51292032,-4509800.395,2743093.5265,-84.2984,33.7663,9021,210.3552
Atlanta_01,114,51292033,-4509800.3856,2743093.5264,-84.297,33.7663,3767,87.1396
Atlanta_01,115,51292073,-4509800.3913,2743093.5239,-84.2979,33.7667,7433,173.0192
Atlanta_01,116,51293410,-4509800.413,2743093.5023,-84.3012,33.77,6514,151.3078
Atlanta_01,117,51293570,-4509800.3805,2743093.4951,-84.2962,33.7711,8134,189.4306
Atlanta_01,118,51293575,-4509800.407,2743093.4956,-84.3003,33.771,32463,755.4971
Atlanta_01,119,51293576,-4509800.4248,2743093.495,-84.303,33.7711,19669,455.7778
Atlanta_01,120,51293585,-4509800.374,2743093.4944,-84.2952,33.7712,8348,193.9346
Atlanta_01,121,51293590,-4509800.3691,2743093.4943,-84.2945,33.7712,28730,667.5886
Atlanta_01,122,51293604,-4509800.3794,2743093.4914,-84.2961,33.7716,3575,82.1081
Atlanta_01,123,51293962,-4509800.3989,2743093.5241,-84.299,33.7667,10640,247.5274
Atlanta_01,124,51293981,-4509800.4255,2743093.5225,-84.3031,33.7669,1505,35.0155
Atlanta_01,125,51293985,-4509800.4282,2743093.5224,-84.3035,33.7669,951,21.3576
Atlanta_01,126,51293987,-4509800.3914,2743093.5223,-84.2979,33.7669,5861,136.0541
Atlanta_01,127,51294004,-4509800.3949,2743093.5219,-84.2984,33.767,8947,207.7365
Atlanta_01,128,51294411,-4509800.3727,2743093.5128,-84.295,33.7684,61585,1436.9114
Atlanta_01,129,51295030,-4509800.4266,2743093.5063,-84.3033,33.7694,5871,136.1308
Atlanta_01,130,51295032,-4509800.4072,2743093.5061,-84.3003,33.7694,5009,116.4387
Atlanta_01,131,51295293,-4509800.4222,2743093.5118,-84.3026,33.7685,13508,314.2685
Atlanta_01,132,51295294,-4509800.4234,2743093.5114,-84.3028,33.7686,4803,111.4889
Atlanta_01,133,51295307,-4509800.4181,2743093.5107,-84.302,33.7687,9953,230.9429
Atlanta_01,134,51295326,-4509800.3733,2743093.5092,-84.2951,33.7689,1596,37.07
Atlanta_01,135,51295335,-4509800.4094,2743093.5086,-84.3006,33.769,4987,115.8412
Atlanta_01,136,51295337,-4509800.4228,2743093.5086,-84.3027,33.769,6690,155.4913
Atlanta_01,137,51296210,-4509800.4272,2743093.4986,-84.3033,33.7705,9423,219.0573
Atlanta_01,138,51296222,-4509800.4282,2743093.4967,-84.3035,33.7708,1394,31.0187
Atlanta_01,139,51296227,-4509800.4221,2743093.4959,-84.3026,33.771,9015,209.5803
Atlanta_01,140,51296230,-4509800.3743,2743093.4953,-84.2953,33.771,11941,277.8097
Atlanta_01,141,51297571,-4509800.4153,2743093.5174,-84.3015,33.7677,8558,198.9013
Atlanta_01,142,51297581,-4509800.4112,2743093.5162,-84.3009,33.7679,11873,276.0036
Atlanta_01,143,51297947,-4509800.3654,2743093.5257,-84.2939,33.7664,94867,2205.4094
Atlanta_01,144,51298146,-4509800.3964,2743093.527,-84.2986,33.7662,634,14.8538
Atlanta_01,145,51298155,-4509800.3914,2743093.5265,-84.2979,33.7663,6620,154.3887
Atlanta_01,146,51298165,-4509800.4049,2743093.526,-84.2999,33.7664,9945,231.0651
Atlanta_01,147,51298169,-4509800.4173,2743093.5257,-84.3018,33.7664,11387,264.8109
Atlanta_01,148,51298172,-4509800.4121,2743093.5254,-84.301,33.7665,5090,118.2372
Atlanta_01,149,51298174,-4509800.4083,2743093.5249,-84.3005,33.7665,2175,50.5728
Atlanta_01,150,51298175,-4509800.4278,2743093.5248,-84.3034,33.7665,6346,146.4645
Atlanta_01,151,51298176,-4509800.371,2743093.5246,-84.2948,33.7666,361,8.4226
Atlanta_01,152,51298184,-4509800.4182,2743093.5241,-84.302,33.7667,9782,227.1411
Atlanta_01,153,51298578,-4509800.3803,2743093.4997,-84.2962,33.7704,7017,163.0206
Atlanta_01,154,51298581,-4509800.4236,2743093.4997,-84.3028,33.7704,9494,220.2345
Atlanta_01,155,51298584,-4509800.3777,2743093.4989,-84.2958,33.7705,17221,397.9732
Atlanta_01,156,51298721,-4509800.4109,2743093.4952,-84.3009,33.7711,9748,226.3782
Atlanta_01,157,51298722,-4509800.4017,2743093.4948,-84.2995,33.7711,15685,363.4642
Atlanta_01,158,51298738,-4509800.3743,2743093.4926,-84.2953,33.7715,11868,275.925
Atlanta_01,159,51299105,-4509800.4061,2743093.5232,-84.3001,33.7668,9224,214.1587
Atlanta_01,160,51299112,-4509800.4143,2743093.5223,-84.3014,33.7669,5371,124.8778
Atlanta_01,161,51299402,-4509800.392,2743093.5153,-84.298,33.768,9896,229.8954
Atlanta_01,162,51299414,-4509800.397,2743093.5132,-84.2987,33.7683,164,3.8255
Atlanta_01,163,51300070,-4509800.4282,2743093.5062,-84.3035,33.7694,608,13.4561
Atlanta_01,164,51300090,-4509800.421,2743093.5051,-84.3024,33.7695,7444,172.9739
Atlanta_01,165,51300091,-4509800.4077,2743093.505,-84.3004,33.7696,4989,115.9385
Atlanta_01,166,51300092,-4509800.4201,2743093.5046,-84.3023,33.7696,11709,271.8021
Atlanta_01,167,51300103,-4509800.404,2743093.505,-84.2998,33.7696,27636,642.6601
Atlanta_01,168,51300110,-4509800.4254,2743093.5034,-84.3031,33.7698,6955,161.4939
Atlanta_01,169,51300113,-4509800.416,2743093.5034,-84.3016,33.7698,6749,156.9141
Atlanta_01,170,51300433,-4509800.4154,2743093.5074,-84.3015,33.7692,1141,26.4372
Atlanta_01,171,51302111,-4509800.4234,2743093.4982,-84.3028,33.7706,10213,237.017
Atlanta_01,172,51302128,-4509800.4268,2743093.4969,-84.3033,33.7708,10514,244.1323
Atlanta_01,173,51302181,-4509800.4193,2743093.5209,-84.3021,33.7671,23575,547.3005
Atlanta_01,174,51302907,-4509800.4168,2743093.5265,-84.3018,33.7663,7990,185.4801
Atlanta_01,175,51302917,-4509800.4115,2743093.5263,-84.3009,33.7663,8072,187.6479
Atlanta_01,176,51302931,-4509800.4096,2743093.5253,-84.3007,33.7665,3043,70.6114
Atlanta_01,177,51302934,-4509800.4104,2743093.5248,-84.3008,33.7665,331,7.7633
Atlanta_01,178,51302939,-4509800.3635,2743093.5246,-84.2936,33.7666,0,0.018244
Atlanta_01,179,51302947,-4509800.4218,2743093.5247,-84.3025,33.7666,10589,246.0308
Atlanta_01,180,51303261,-4509800.4211,2743093.5196,-84.3024,33.7673,7332,170.566
Atlanta_01,181,51303263,-4509800.4091,2743093.5193,-84.3006,33.7674,10289,239.0695
Atlanta_01,182,51303372,-4509800.428,2743093.5024,-84.3035,33.77,2351,53.9706
Atlanta_01,183,51303395,-4509800.4258,2743093.4999,-84.3031,33.7703,10209,237.4723
Atlanta_01,184,51303402,-4509800.3805,2743093.499,-84.2962,33.7705,5512,128.0297
Atlanta_01,185,51303519,-4509800.4218,2743093.4945,-84.3025,33.7712,6937,161.3346
Atlanta_01,186,51303544,-4509800.3782,2743093.4916,-84.2959,33.7716,6546,151.1505
Atlanta_01,187,51303828,-4509800.4122,2743093.5241,-84.3011,33.7667,8836,205.21
Atlanta_01,188,51303849,-4509800.4227,2743093.5228,-84.3027,33.7669,9324,216.5148
Atlanta_01,189,51304161,-4509800.4264,2743093.5137,-84.3032,33.7682,9774,227.1166
Atlanta_01,190,51305232,-4509800.4103,2743093.5066,-84.3008,33.7693,6111,142.1158
Atlanta_01,191,51305233,-4509800.4167,2743093.5064,-84.3017,33.7693,6197,144.2489
Atlanta_01,192,51305235,-4509800.4276,2743093.5063,-84.3034,33.7694,4737,110.1841
Atlanta_01,193,51305248,-4509800.4137,2743093.5054,-84.3013,33.7695,6037,140.0632
Atlanta_01,194,51305538,-4509800.4243,2743093.5104,-84.3029,33.7687,12126,281.8219
Atlanta_01,195,51305548,-4509800.4247,2743093.5095,-84.303,33.7689,9247,214.6536
Atlanta_01,196,51305554,-4509800.428,2743093.5086,-84.3035,33.769,3420,78.8897
Atlanta_01,197,51306369,-4509800.4194,2743093.4963,-84.3022,33.7709,12610,292.0599
Atlanta_01,198,51306402,-4509800.391,2743093.5208,-84.2978,33.7671,18187,424.5511
Atlanta_01,199,51306406,-4509800.3668,2743093.5209,-84.2941,33.7671,103918,2416.2247
Atlanta_01,200,51306474,-4509800.4143,2743093.5171,-84.3014,33.7677,9787,227.6665
Atlanta_01,201,51306953,-4509800.4002,2743093.5263,-84.2992,33.7663,9927,230.4489
Atlanta_01,202,51306970,-4509800.4273,2743093.5258,-84.3034,33.7664,11498,267.517
Atlanta_01,203,51306972,-4509800.3999,2743093.5253,-84.2992,33.7665,10853,252.4362
Atlanta_01,204,51306974,-4509800.3983,2743093.5251,-84.2989,33.7665,2472,57.383
Atlanta_01,205,51306976,-4509800.4074,2743093.5248,-84.3003,33.7665,2003,46.4546
Atlanta_01,206,51307262,-4509800.3701,2743093.4929,-84.2946,33.7714,9770,227.1494
Atlanta_01,207,51307431,-4509800.4257,2743093.5024,-84.3031,33.77,5127,119.1288
Atlanta_01,208,51307434,-4509800.414,2743093.5026,-84.3013,33.7699,6846,159.1098
Atlanta_01,209,51307445,-4509800.4283,2743093.5014,-84.3035,33.7701,3,0.024023
Atlanta_01,210,51307446,-4509800.4121,2743093.5017,-84.301,33.7701,3336,77.5335
Atlanta_01,211,51307452,-4509800.4264,2743093.501,-84.3032,33.7702,5814,134.8301
Atlanta_01,212,51307622,-4509800.4282,2743093.4917,-84.3035,33.7716,2564,57.8067
Atlanta_01,213,51308739,-4509800.3962,2743093.5233,-84.2986,33.7668,1269,29.3541
Atlanta_01,214,51308748,-4509800.3969,2743093.5227,-84.2987,33.7669,7737,179.7224
Atlanta_01,215,51308754,-4509800.4067,2743093.5225,-84.3002,33.7669,10686,248.2399
Atlanta_01,216,51309048,-4509800.4113,2743093.5153,-84.3009,33.768,6361,147.7756
Atlanta_01,217,51309072,-4509800.4245,2743093.5129,-84.3029,33.7684,9584,222.9338
Atlanta_01,218,51309077,-4509800.3688,2743093.5135,-84.2944,33.7683,97285,2260.9068
Atlanta_01,219,51309626,-4509800.4106,2743093.5054,-84.3008,33.7695,8100,188.4154
Atlanta_01,220,51309643,-4509800.4085,2743093.503,-84.3005,33.7699,5053,117.4846
Atlanta_01,221,51309874,-4509800.4192,2743093.511,-84.3021,33.7686,10434,242.4809
Atlanta_01,222,51309876,-4509800.4172,2743093.5105,-84.3018,33.7687,5766,134.2473
Atlanta_01,223,51309889,-4509800.3929,2743093.5096,-84.2981,33.7689,5786,134.2283
Atlanta_01,224,51309893,-4509800.3916,2743093.5096,-84.2979,33.7689,9444,219.2548
Atlanta_01,225,51309901,-4509800.3833,2743093.5085,-84.2967,33.769,8458,196.4923
Atlanta_01,226,51309907,-4509800.4139,2743093.5071,-84.3013,33.7692,1404,32.6254
Atlanta_01,227,51310638,-4509800.4021,2743093.4985,-84.2995,33.7706,17838,413.5667
Atlanta_01,228,51310641,-4509800.4066,2743093.4989,-84.3002,33.7705,25503,592.8438
Atlanta_01,229,51310645,-4509800.4105,2743093.4982,-84.3008,33.7706,20171,468.6596
Atlanta_01,230,51310657,-4509800.4246,2743093.4969,-84.3029,33.7708,9252,214.9637
Atlanta_01,231,51310667,-4509800.4,2743093.4955,-84.2992,33.771,6782,157.8821
Atlanta_01,232,51310705,-4509800.4237,2743093.5212,-84.3028,33.7671,11283,262.2472
Atlanta_01,233,51310709,-4509800.3829,2743093.5209,-84.2966,33.7671,7519,174.524
Atlanta_01,234,51310712,-4509800.4078,2743093.5209,-84.3004,33.7671,12276,285.1786
Atlanta_01,235,51310726,-4509800.4084,2743093.5201,-84.3005,33.7673,10403,241.4564
Atlanta_01,236,51310793,-4509800.4274,2743093.4938,-84.3034,33.7713,13226,307.2215
Atlanta_01,237,51310806,-4509800.3913,2743093.5174,-84.2979,33.7677,10472,243.552
Atlanta_01,238,51311293,-4509800.4261,2743093.5272,-84.3032,33.7662,4351,100.9945
Atlanta_01,239,51311317,-4509800.3913,2743093.5252,-84.2979,33.7665,11528,268.135
Atlanta_01,240,51311320,-4509800.4235,2743093.5248,-84.3028,33.7665,1097,25.5542
Atlanta_01,241,51311324,-4509800.383,2743093.5246,-84.2966,33.7666,11047,256.6633
Atlanta_01,242,51311329,-4509800.4241,2743093.5241,-84.3029,33.7667,1453,33.7582
Atlanta_01,243,51311336,-4509800.3725,2743093.5239,-84.295,33.7667,7925,183.6969
Atlanta_01,244,51311337,-4509800.3951,2743093.5239,-84.2984,33.7667,10447,241.9313
Atlanta_01,245,51312353,-4509800.383,2743093.5195,-84.2966,33.7674,8736,203.1681
Atlanta_01,246,51312452,-4509800.4208,2743093.5023,-84.3024,33.77,10734,249.3381
Atlanta_01,247,51312459,-4509800.3715,2743093.5011,-84.2949,33.7702,697,16.2525
Atlanta_01,248,51312470,-4509800.4109,2743093.5004,-84.3009,33.7703,23645,549.6066
Atlanta_01,249,51312575,-4509800.4129,2743093.4947,-84.3012,33.7711,14712,341.9167
Atlanta_01,250,51312578,-4509800.3802,2743093.4943,-84.2962,33.7712,14728,339.647
Atlanta_01,251,51312882,-4509800.4081,2743093.5232,-84.3004,33.7668,2405,55.8295
Atlanta_01,252,51312884,-4509800.4187,2743093.5232,-84.302,33.7668,8814,204.7315
Atlanta_01,253,51312899,-4509800.3829,2743093.5221,-84.2966,33.767,5928,137.8859
Atlanta_01,254,51312904,-4509800.4178,2743093.5218,-84.3019,33.767,5346,124.0626
Atlanta_01,255,51313212,-4509800.3928,2743093.5134,-84.2981,33.7683,6266,145.6816
Atlanta_01,256,51313809,-4509800.4068,2743093.507,-84.3002,33.7693,3012,69.9859
Atlanta_01,257,51313814,-4509800.4128,2743093.5067,-84.3011,33.7693,370,8.5818
Atlanta_01,258,51313816,-4509800.4177,2743093.5067,-84.3019,33.7693,5212,121.1696
Atlanta_01,259,51313824,-4509800.4157,2743093.5061,-84.3016,33.7694,5893,136.9169
Atlanta_01,260,51313828,-4509800.4147,2743093.5057,-84.3014,33.7695,6455,150.0151
Atlanta_01,261,51313845,-4509800.4179,2743093.504,-84.3019,33.7697,8038,187.1116
Atlanta_01,262,51314132,-4509800.4212,2743093.5115,-84.3024,33.7686,11162,259.3159
Atlanta_01,263,51314141,-4509800.4148,2743093.5098,-84.3015,33.7688,6013,139.6958
Atlanta_01,264,51314146,-4509800.4219,2743093.5093,-84.3025,33.7689,959,22.2355
Atlanta_01,265,51314153,-4509800.4108,2743093.5088,-84.3008,33.769,5063,117.7362
Atlanta_01,266,51314159,-4509800.4065,2743093.5081,-84.3002,33.7691,5914,137.4012
Atlanta_01,267,51314160,-4509800.4099,2743093.5075,-84.3007,33.7692,3129,72.649
Atlanta_01,268,51314972,-4509800.3791,2743093.4978,-84.296,33.7707,4543,105.4234
Atlanta_01,269,51314975,-4509800.3804,2743093.4976,-84.2962,33.7707,5963,138.7335
Atlanta_01,270,51314980,-4509800.4011,2743093.4969,-84.2994,33.7708,12170,282.0806
Atlanta_01,271,51314984,-4509800.3742,2743093.4967,-84.2953,33.7708,18756,436.7488
Atlanta_01,272,51315022,-4509800.3946,2743093.5211,-84.2984,33.7671,410,9.4206
Atlanta_01,273,51315443,-4509800.4064,2743093.5271,-84.3002,33.7662,5735,133.2412
Atlanta_01,274,51315444,-4509800.4001,2743093.5271,-84.2992,33.7662,5488,127.6119
Atlanta_01,275,51315448,-4509800.4144,2743093.5273,-84.3014,33.7662,211,5.2084
Atlanta_01,276,51756366,-4509800.3993,2743093.5149,-84.2991,33.7681,291305,6769.0202
Atlanta_01,277,51756367,-4509800.3873,2743093.512,-84.2973,33.7685,181512,4217.6947
Atlanta_01,278,51756545,-4509800.3873,2743093.4958,-84.2973,33.771,289865,6734.1479
Atlanta_01,279,87539104,-4509800.3752,2743093.5077,-84.2954,33.7691,87811,2038.1723
Atlanta_01,280,87539110,-4509800.3693,2743093.5071,-84.2945,33.7692,43284,1004.4201
Atlanta_01,281,87893395,-4509800.3722,2743093.5072,-84.295,33.7692,5129,119.8145
Atlanta_01,282,,-4509800.4025,2743093.4925,-84.2996,33.7715,32674,759.6585
Atlanta_01,283,,-4509800.3997,2743093.4921,-84.2991,33.7715,24915,578.7839
Atlanta_01,284,,-4509800.396,2743093.4968,-84.2986,33.7708,6767,157.4163
Atlanta_01,285,,-4509800.3892,2743093.5168,-84.2975,33.7678,11866,275.6322
Atlanta_01,286,,-4509800.389,2743093.5155,-84.2975,33.768,2901,67.4745
Atlanta_01,287,,-4509800.3871,2743093.5157,-84.2972,33.7679,3111,72.2592
Atlanta_01,288,,-4509800.4133,2743093.523,-84.3012,33.7668,11452,266.0724
Atlanta_01,289,,-4509800.4199,2743093.5097,-84.3022,33.7688,2329,54.1258
Atlanta_01,290,,-4509800.4248,2743093.5226,-84.303,33.7669,2162,50.0312
Atlanta_01,291,,-4509800.4242,2743093.523,-84.3029,33.7668,1028,23.8484
Atlanta_01,292,,-4509800.4152,2743093.5198,-84.3015,33.7673,10285,238.8097
Atlanta_01,293,,-4509800.4147,2743093.5206,-84.3014,33.7672,8701,202.094
Atlanta_01,294,,-4509800.413,2743093.5199,-84.3012,33.7673,2861,66.6488
Atlanta_01,295,,-4509800.4126,2743093.5209,-84.3011,33.7671,2846,66.0519
Atlanta_01,296,,-4509800.411,2743093.5269,-84.3009,33.7662,8927,207.22
Atlanta_01,297,,-4509800.4089,2743093.5263,-84.3006,33.7663,3240,75.3284
Atlanta_01,298,,-4509800.4086,2743093.527,-84.3005,33.7662,3455,80.399
Atlanta_01,299,,-4509247.349,2743315.0342,0,0,21982,0
Atlanta_01,300,,-4509247.349,2743315.0342,0,0,11693,0
Atlanta_01,301,,-4509247.349,2743315.0342,0,0,8198,0
Atlanta_01,302,,-4509247.349,2743315.0342,0,0,9631,0
